"_","Id","Site_Street__c","Site_City__c","Site_State__c","Site_Zip_Code__c"
"[Site__c]","a0ZUq00000GGLQ1MAP","0 6Th Street & Constitution Ave NW","Washington","DC","20001"
"[Site__c]","a0ZUq00000GGLQ2MAP","1 Florida Ave NE","Washington","DC","20002"
"[Site__c]","a0ZUq00000GGLQ3MAP","10 G St NE","Washington","DC","20002"
"[Site__c]","a0ZUq00000GGLQ4MAP","10 Thomas Cir NW","Washington","DC","20005"
"[Site__c]","a0ZUq00000GGLQ5MAP","100 F St NE","Washington","DC","20549"
"[Site__c]","a0ZUq00000GGLQ6MAP","100 Florida Ave NE","Washington","DC","20002"
"[Site__c]","a0ZUq00000GGLQ7MAP","100 K St NE","Washington","DC","20002"
"[Site__c]","a0ZUq00000GGLQ8MAP","1000 12Th St SE","Washington","DC","20003"
"[Site__c]","a0ZUq00000GGLQ9MAP","1000 Jefferson Dr SW","Washington","DC","20560"
"[Site__c]","a0ZUq00000GGLQAMA5","1000 Maine Ave SW","Washington","DC","20024"
"[Site__c]","a0ZUq00000GGLQBMA5","1001 Connecticut Ave NW","Washington","DC","20036"
"[Site__c]","a0ZUq00000GGLQCMA5","1001 G St NW","Washington","DC","20001"
"[Site__c]","a0ZUq00000GGLQDMA5","1005 3Rd St NE","Washington","DC","20002"
"[Site__c]","a0ZUq00000GGLQEMA5","1005 7Th St NW","Washington","DC","20001"
"[Site__c]","a0ZUq00000GGLQFMA5","1007 Evarts St NE","Washington","DC","20018"
"[Site__c]","a0ZUq00000GGLQGMA5","101 N St NW","Washington","DC","20001"
"[Site__c]","a0ZUq00000GGLQHMA5","101 Q St NE","Washington","DC","20002"
"[Site__c]","a0ZUq00000GGLQIMA5","101 T St NE","Washington","DC","20002"
"[Site__c]","a0ZUq00000GGLQJMA5","100 E Pleasant St","Milwaukee","WI","53212"
"[Site__c]","a0ZUq00000GGLQKMA5","1020 W Historic Mitchell St","Milwaukee","WI","53204"
"[Site__c]","a0ZUq00000GGLQLMA5","1110 N Old World Third St","Milwaukee","WI","53203"
"[Site__c]","a0ZUq00000GGLQMMA5","1215 W Michigan St","Milwaukee","WI","53233"
"[Site__c]","a0ZUq00000GGLQNMA5","1220 W Vliet St","Milwaukee","WI","53205"
"[Site__c]","a0ZUq00000GGLQOMA5","1503 W Hopkins St","Milwaukee","WI","53206"
"[Site__c]","a0ZUq00000GGLQPMA5","1635 S 10Th St","Milwaukee","WI","53204"
"[Site__c]","a0ZUq00000GGLQQMA5","1640 S 24Th St","Milwaukee","WI","53204"
"[Site__c]","a0ZUq00000GGLQRMA5","1714 N 1St St","Milwaukee","WI","53212"
"[Site__c]","a0ZUq00000GGLQSMA5","1818 W Juneau Av","Milwaukee","WI","53233"
"[Site__c]","a0ZUq00000GGLQTMA5","1888 N Water St","Milwaukee","WI","53202"
"[Site__c]","a0ZUq00000GGLQUMA5","1901 N 6Th St","Milwaukee","WI","53212"
"[Site__c]","a0ZUq00000GGLQVMA5","2000 W Kilbourn Av","Milwaukee","WI","53233"
"[Site__c]","a0ZUq00000GGLQWMA5","2018 S 1St St","Milwaukee","WI","53207"
"[Site__c]","a0ZUq00000GGLQXMA5","2120 W Clybourn St","Milwaukee","WI","53233"
"[Site__c]","a0ZUq00000GGLQYMA5","2156 S 4Th St","Milwaukee","WI","53207"
"[Site__c]","a0ZUq00000GGLQZMA5","226 N 33Rd St","Milwaukee","WI","53208"
"[Site__c]","a0ZUq00000GGLQaMAP","2300 W Highland Av","Milwaukee","WI","53233"
"[Site__c]","a0ZUq00000GGLQbMAP","2325 S Howell Av","Milwaukee","WI","53207"
"[Site__c]","a0ZUq00000GGLQcMAP","2403 N Maryland Av","Milwaukee","WI","53211"
"[Site__c]","a0ZUq00000GGLQdMAP","250 N 12Th St","Milwaukee","WI","53233"
"[Site__c]","a0ZUq00000GGLQeMAP","2627 W Lapham St","Milwaukee","WI","53204"
"[Site__c]","a0ZUq00000GGLQfMAP","2919 W Wisconsin Av","Milwaukee","WI","53208"
"[Site__c]","a0ZUq00000GGLQgMAP","301 S 44Th St","Milwaukee","WI","53214"
"[Site__c]","a0ZUq00000GGLQhMAP","3059 N Weil St","Milwaukee","WI","53212"
"[Site__c]","a0ZUq00000GGLQiMAP","3100 W Meinecke Av","Milwaukee","WI","53210"
"[Site__c]","a0ZUq00000GGLQjMAP","315 N 12Th St","Milwaukee","WI","53233"
"[Site__c]","a0ZUq00000GGLQkMAP","3334 W Highland Bl","Milwaukee","WI","53208"
"[Site__c]","a0ZUq00000GGLQlMAP","3742 W Wisconsin Av","Milwaukee","WI","53208"
"[Site__c]","a0ZUq00000GGLQmMAP","400 S 5Th St","Milwaukee","WI","53204"
"[Site__c]","a0ZUq00000GGLQnMAP","413 N 2Nd St","Milwaukee","WI","53203"
"[Site__c]","a0ZUq00000GGLQoMAP","4201 N 27Th St","Milwaukee","WI","53216"
"[Site__c]","a0ZUq00000GGLQpMAP","4222 W Capitol Dr","Milwaukee","WI","53216"
"[Site__c]","a0ZUq00000GGLQqMAP","4257 N 100Th St","Milwaukee","WI","53222"
"[Site__c]","a0ZUq00000GGLQrMAP","4456 N Teutonia Av","Milwaukee","WI","53209"
"[Site__c]","a0ZUq00000GGLQsMAP","4747 S Howell Av","Milwaukee","WI","53207"
"[Site__c]","a0ZUq00000GGLQtMAP","541 W Concordia Av","Milwaukee","WI","53212"
"[Site__c]","a0ZUq00000GGLQuMAP","555 S Layton Bl","Milwaukee","WI","53215"
"[Site__c]","a0ZUq00000GGLQvMAP","6215 W Warnimont Av","Milwaukee","WI","53220"
"[Site__c]","a0ZUq00000GGLQwMAP","6415 W Mt Vernon Av","Milwaukee","WI","53213"
"[Site__c]","a0ZUq00000GGLQxMAP","727 N Van Buren St","Milwaukee","WI","53202"
"[Site__c]","a0ZUq00000GGLQyMAP","924 E Juneau Av","Milwaukee","WI","53202"
"[Site__c]","a0ZUq00000GGbvXMAT","10001 W Bluemound Rd","Milwaukee","WI","53226"
"[Site__c]","a0ZUq00000GGbvYMAT","1010 W Layton Ave","Milwaukee","WI","53221"
"[Site__c]","a0ZUq00000GGbvZMAT","1011 W Somers St","Milwaukee","WI","53205"
"[Site__c]","a0ZUq00000GGbvaMAD","1041 E Knapp St","Milwaukee","WI","53202"
"[Site__c]","a0ZUq00000GGbvbMAD","10700 W Brown Deer Rd","Milwaukee","WI","53224"
"[Site__c]","a0ZUq00000GGbvcMAD","110 S 44Th St","Milwaukee","WI","53214"
"[Site__c]","a0ZUq00000GGbvdMAD","11310 W Silver Spring Rd","Milwaukee","WI","53225"
"[Site__c]","a0ZUq00000GGbveMAD","1140 W Waterford Ave","Milwaukee","WI","53221"
"[Site__c]","a0ZUq00000GGbvfMAD","115 S 92Nd St","Milwaukee","WI","53214"
"[Site__c]","a0ZUq00000GGbvgMAD","1209 S 26Th St","Milwaukee","WI","53204"
"[Site__c]","a0ZUq00000GGbvhMAD","122 E Washington St","Milwaukee","WI","53204"
"[Site__c]","a0ZUq00000GGbviMAD","1224 N Prospect Ave","Milwaukee","WI","53202"
"[Site__c]","a0ZUq00000GGbvjMAD","1225 N Hawley Rd","Milwaukee","WI","53208"
"[Site__c]","a0ZUq00000GGbvkMAD","West Carmen Avenue","Milwaukee","WI","53225"
"[Site__c]","a0ZUq00000GGbvlMAD","1337 W Forest Home Ave","Milwaukee","WI","53204"
"[Site__c]","a0ZUq00000GGbvmMAD","1361 W North Ave","Milwaukee","WI","53205"
"[Site__c]","a0ZUq00000GGbvnMAD","140 N Jefferson St","Milwaukee","WI","53202"
"[Site__c]","a0ZUq00000GH5WEMA1","West Highland Avenue","Milwaukee","WI","53203"
"[Site__c]","a0ZUq00000GH5WFMA1","2059 S 33Rd St","Milwaukee","WI","53215"
"[Site__c]","a0ZUq00000GH5WGMA1","2102 W Pierce St","Milwaukee","WI","53204"
"[Site__c]","a0ZUq00000GH5WHMA1","2129 W Morgan Ave","Milwaukee","WI","53221"
"[Site__c]","a0ZUq00000GH5WIMA1","222 N 33Rd St","Milwaukee","WI","53208"
"[Site__c]","a0ZUq00000GH5WJMA1","241 N Broadway St","Milwaukee","WI","53202"
"[Site__c]","a0ZUq00000GH5WKMA1","250 N Water St","Milwaukee","WI","53202"
"[Site__c]","a0ZUq00000GH5WLMA1","2525 S Shore Dr","Milwaukee","WI","53207"
"[Site__c]","a0ZUq00000GH5WMMA1","2650 S Chase Ave","Milwaukee","WI","53207"
"[Site__c]","a0ZUq00000GH5WNMA1","2702 S 6Th St","Milwaukee","WI","53215"
"[Site__c]","a0ZUq00000GH5WOMA1","2825 N Holton St","Milwaukee","WI","53212"
"[Site__c]","a0ZUq00000GH5WPMA1","2900 W Mill Rd","Milwaukee","WI","53209"
"[Site__c]","a0ZUq00000GH5WQMA1","3012 W Galena St","Milwaukee","WI","53208"
"[Site__c]","a0ZUq00000GH5WRMA1","3025 W Atkinson Ave","Milwaukee","WI","53209"
"[Site__c]","a0ZUq00000GH5WSMA1","3056 W Meinecke Ave","Milwaukee","WI","53210"
"[Site__c]","a0ZUq00000GH5WTMA1","3101 W Custer Ave","Milwaukee","WI","53209"
"[Site__c]","a0ZUq00000GH5WUMA1","3133 W Mount Vernon Ave","Milwaukee","WI","53208"
"[Site__c]","a0ZUq00000GH5WVMA1","3148 W Auer Ave","Milwaukee","WI","53216"
"[Site__c]","a0ZUq00000GH5WWMA1","3175 S 76Th St","Milwaukee","WI","53219"
"[Site__c]","a0ZUq00000GH5WXMA1","3180 W Townsend St","Milwaukee","WI","53216"
"[Site__c]","a0ZUq00000GH5WYMA1","3203 N Downer Ave","Milwaukee","WI","53211"
"[Site__c]","a0ZUq00000GH5WZMA1","3243 N Downer Ave","Milwaukee","WI","53211"
"[Site__c]","a0ZUq00000GH5WaMAL","3305 S 20Th St","Milwaukee","WI","53215"
"[Site__c]","a0ZUq00000GH5WbMAL","3352 S Clement Ave","Milwaukee","WI","53207"
"[Site__c]","a0ZUq00000GH5WcMAL","3420 W Capitol Dr","Milwaukee","WI","53216"
"[Site__c]","a0ZUq00000GH5WdMAL","3430 W Leeds Pl","Milwaukee","WI","53215"
"[Site__c]","a0ZUq00000GH5WeMAL","3530 W Pierce St","Milwaukee","WI","53215"
"[Site__c]","a0ZUq00000GH5WfMAL","3624 W North Ave","Milwaukee","WI","53208"
"[Site__c]","a0ZUq00000GH5WgMAL","3823 N 14Th St","Milwaukee","WI","53206"
"[Site__c]","a0ZUq00000GH5WhMAL","400 E Wisconsin Ave","Milwaukee","WI","53202"
"[Site__c]","a0ZUq00000GH5WiMAL","401 S 7Th St","Milwaukee","WI","53233"
"[Site__c]","a0ZUq00000GH5WjMAL","4055 N 34Th St","Milwaukee","WI","53216"
"[Site__c]","a0ZUq00000GH5WkMAL","4065 S Howell Ave","Milwaukee","WI","53207"
"[Site__c]","a0ZUq00000GH5WlMAL","North 53Rd Street","Milwaukee","WI","53216"
"[Site__c]","a0ZUq00000GH5WmMAL","4206 N Green Bay Ave","Milwaukee","WI","53209"
"[Site__c]","a0ZUq00000GH5WnMAL","4265 N 30Th St","Milwaukee","WI","53216"
"[Site__c]","a0ZUq00000GH5WoMAL","4350 N Humboldt Blvd","Milwaukee","WI","53212"
"[Site__c]","a0ZUq00000GH5WpMAL","4400 S 27Th St","Milwaukee","WI","53221"
"[Site__c]","a0ZUq00000GH5WqMAL","4624 S 27Th St","Milwaukee","WI","53221"
"[Site__c]","a0ZUq00000GH5WrMAL","4685 N 24Th Pl","Milwaukee","WI","53209"
"[Site__c]","a0ZUq00000GH5WsMAL","4841 W State St","Milwaukee","WI","53208"
"[Site__c]","a0ZUq00000GH5WtMAL","4855 S 10Th St","Milwaukee","WI","53221"
"[Site__c]","a0ZUq00000GH5WuMAL","4915 S Howell Ave","Milwaukee","WI","53207"
"[Site__c]","a0ZUq00000GH5WvMAL","4925 W Hampton Ave","Milwaukee","WI","53218"
"[Site__c]","a0ZUq00000GH5WwMAL","5012 N 35Th St","Milwaukee","WI","53209"
"[Site__c]","a0ZUq00000GH5WxMAL","5114 W Howard Ave","Milwaukee","WI","53220"
"[Site__c]","a0ZUq00000GH5WyMAL","5145 N 20Th St","Milwaukee","WI","53209"
"[Site__c]","a0ZUq00000GH5WzMAL","5300 W Good Hope Rd","Milwaukee","WI","53223"
"[Site__c]","a0ZUq00000GH5X0MAL","5301 W Fond Du Lac Ave","Milwaukee","WI","53216"
"[Site__c]","a0ZUq00000GH5X1MAL","5332 N Green Bay Ave","Milwaukee","WI","53209"
"[Site__c]","a0ZUq00000GH5X2MAL","5361 N Hopkins St","Milwaukee","WI","53209"
"[Site__c]","a0ZUq00000GH5X3MAL","5440 N 64Th St","Milwaukee","WI","53218"
"[Site__c]","a0ZUq00000GH5X4MAL","5476 S 13Th St","Milwaukee","WI","53221"
"[Site__c]","a0ZUq00000GH5X5MAL","Fire Station 10","Milwaukee","WI","53219"
"[Site__c]","a0ZUq00000GH5X6MAL","5635 W Douglas Ave","Milwaukee","WI","53218"
"[Site__c]","a0ZUq00000GH5X7MAL","5701 W Mc Kinley Ave","Milwaukee","WI","53208"
"[Site__c]","a0ZUq00000GH5X8MAL","5758 S 13Th St","Milwaukee","WI","53221"
"[Site__c]","a0ZUq00000GH5X9MAL","5770 S 13Th St","Milwaukee","WI","53221"
"[Site__c]","a0ZUq00000GH5XAMA1","5822 W Lisbon Ave","Milwaukee","WI","53210"
"[Site__c]","a0ZUq00000GH5XBMA1","5825","Milwaukee","WI","53208"
"[Site__c]","a0ZUq00000GH5XCMA1","5854 W Fond Du Lac Ave","Milwaukee","WI","53218"
"[Site__c]","a0ZUq00000GH5XDMA1","5889 N 55Th St","Milwaukee","WI","53218"
"[Site__c]","a0ZUq00000GH5XEMA1","5970 S Howell Ave","Milwaukee","WI","53207"
"[Site__c]","a0ZUq00000GH5XFMA1","6001 W Capitol Dr","Milwaukee","WI","53216"
"[Site__c]","a0ZUq00000GH5XGMA1","601 S 76Th St","Milwaukee","WI","53214"
"[Site__c]","a0ZUq00000GH5XHMA1","6170 N 76Th St","Milwaukee","WI","53218"
"[Site__c]","a0ZUq00000GH5XIMA1","6233 N 76Th St","Milwaukee","WI","53218"
"[Site__c]","a0ZUq00000GH5ZxMAL","500 S 44Th St","Milwaukee","WI","53214"
"[Site__c]","a0ZUq00000GH5ZyMAL","5300 S Howell Ave","Milwaukee","WI","53207"
"[Site__c]","a0ZUq00000GH5ZzMAL","5402 N 91St St","Milwaukee","WI","53225"
"[Site__c]","a0ZUq00000GH5a0MAD","626 S 84Th St","Milwaukee","WI","53214"
"[Site__c]","a0ZUq00000GH5a1MAD","6425 N 60Th St","Milwaukee","WI","53223"